Workbook
Name Slicer_AcademicYear: #N/A
Name Slicer_CourseName: #N/A
Name Slicer_CourseName1: #N/A
Name Slicer_Department: #N/A
Name Slicer_EventType: #N/A
Name Slicer_Gender: #N/A
Name Slicer_Gender1: #N/A
Name Slicer_OrganizerType: #N/A
Name Slicer_Qualification: #N/A
Name Slicer_State: #N/A
Name Slicer_State1: #N/A

Sheet Students Master
A1: StudentID | B1: StudentName | C1: Gender | D1: DOB | E1: BloodGroup | F1: FatherName | G1: MotherName | H1: Address | I1: City | J1: State | K1: Pincode | L1: Phone | M1: Email | N1: AdmissionYear | O1: CourseID | P1: CourseName | Q1: Year | R1: Semester | S1: Department
A2: STU0001 | B2: Kunal Patel | C2: Female | D2: 37027 | E2: B- | F2: Riya Iyer | G2: Ananya Patel | H2: 143, Charminar Rd | I2: Chennai | J2: Tamil Nadu | K2: 470920 | L2: 9900286241 | M2: kunal.patel971@student.college.edu | N2: 2023 | O2: CRS06 | P2: B.Tech Civil | Q2: 3 | R2: 6 | S2: Civil Engg
A3: STU0002 | B3: Sai Rao | C3: Male | D3: 39224 | E3: AB+ | F3: Varun Verma | G3: Neeraj Gupta | H3: 494, Anna Salai | I3: Bengaluru | J3: Karnataka | K3: 959391 | L3: 9582636875 | M3: sai.rao43@gmail.com | N3: 2024 | O3: CRS06 | P3: B.Tech Civil | Q3: 2 | R3: 4 | S3: Civil Engg
A4: STU0003 | B4: Aditya Das | C4: Male | D4: 37558 | E4: AB+ | F4: Aarav Patel | G4: Sujith Kumar | H4: 55, Charminar Rd | I4: Kochi | J4: Kerala | K4: 747928 | L4: 9544728808 | M4: aditya.das250@gmail.com | N4: 2024 | O4: CRS06 | P4: B.Tech Civil | Q4: 2 | R4: 4 | S4: Civil Engg
A5: STU0004 | B5: Aarav Kumar | C5: Female | D5: 36905 | E5: AB+ | F5: Saanvi Reddy | G5: Diya Nair | H5: 175, Anna Salai | I5: Delhi | J5: Delhi | K5: 551245 | L5: 9247402426 | M5: aarav.kumar378@gmail.com | N5: 2023 | O5: CRS07 | P5: B.Sc Physics | Q5: 3 | R5: 6 | S5: Physics
A6: STU0005 | B6: Aditi Das | C6: Female | D6: 37602 | E6: B+ | F6: Varun Kumar | G6: Kunal Nair | H6: 129, Ring Road | I6: Kolkata | J6: West Bengal | K6: 379617 | L6: 9257598233 | M6: aditi.das726@student.college.edu | N6: 2021 | O6: CRS01 | P6: B.Sc Computer Science | Q6: 1 | R6: 2 | S6: Computer Science
A7: STU0006 | B7: Nisha Nair | C7: Female | D7: 36678 | E7: AB+ | F7: Harsha Kumar | G7: Kabir Sharma | H7: 294, Anna Salai | I7: Kochi | J7: Kerala | K7: 410948 | L7: 9406015391 | M7: nisha.nair783@gmail.com | N7: 2022 | O7: CRS07 | P7: B.Sc Physics | Q7: 1 | R7: 2 | S7: Physics
A8: STU0007 | B8: Riya Kumar | C8: Female | D8: 38571 | E8: B- | F8: Meera Nair | G8: Shreya Rao | H8: 31, Brigade Road | I8: Kolkata | J8: West Bengal | K8: 202514 | L8: 9640228022 | M8: riya.kumar811@student.college.edu | N8: 2021 | O8: CRS04 | P8: BBA | Q8: 1 | R8: 2 | S8: Management
A9: STU0008 | B9: Harsha Gupta | C9: Female | D9: 36743 | E9: AB+ | F9: Aditya Sharma | G9: Sai Nair | H9: 305, Anna Salai | I9: Chennai | J9: Tamil Nadu | K9: 434254 | L9: 9587602685 | M9: harsha.gupta22@gmail.com | N9: 2021 | O9: CRS03 | P9: B.A English | Q9: 1 | R9: 2 | S9: Humanities
A10: STU0009 | B10: Saanvi Das | C10: Female | D10: 37972 | E10: O+ | F10: Surya Nair | G10: Sai Rao | H10: 224, LBS Marg | I10: Kochi | J10: Kerala | K10: 336836 | L10: 9298543394 | M10: saanvi.das527@student.college.edu | N10: 2024 | O10: CRS07 | P10: B.Sc Physics | Q10: 2 | R10: 4 | S10: Physics
A11: STU0010 | B11: Vihaan Reddy | C11: Male | D11: 37642 | E11: B- | F11: Kavya Kumar | G11: Harsha Kumar | H11: 390, MG Road | I11: Delhi | J11: Delhi | K11: 594619 | L11: 9621550994 | M11: vihaan.reddy121@student.college.edu | N11: 2023 | O11: CRS05 | P11: B.Tech Mechanical | Q11: 3 | R11: 6 | S11: Mechanical Engg
A12: STU0011 | B12: Meera Kumar | C12: Female | D12: 37159 | E12: B+ | F12: Riya Das | G12: Arjun Patel | H12: 98, Park Street | I12: Delhi | J12: Delhi | K12: 783720 | L12: 9785684437 | M12: meera.kumar387@gmail.com | N12: 2022 | O12: CRS04 | P12: BBA | Q12: 1 | R12: 2 | S12: Management
A13: STU0012 | B13: Shreya Patel | C13: Male | D13: 39337 | E13: O+ | F13: Meera Sharma | G13: Ananya Mukherjee | H13: 243, Charminar Rd | I13: Pune | J13: Maharashtra | K13: 405588 | L13: 9454746149 | M13: shreya.patel347@gmail.com | N13: 2021 | O13: CRS06 | P13: B.Tech Civil | Q13: 1 | R13: 2 | S13: Civil Engg
... A501: STU0500 | B501: Ananya Patel | C501: Female | D501: 36585 | E501: O+ | F501: Pooja Das | G501: Neeraj Patel | H501: 109, Park Street | I501: Kochi | J501: Kerala | K501: 770926 | L501: 9947361040 | M501: ananya.patel364@student.college.edu | N501: 2023 | O501: CRS06 | P501: B.Tech Civil | Q501: 3 | R501: 6 | S501: Civil Engg

Sheet Faculty Master
A1: FacultyID | B1: FacultyName | C1: Gender | D1: DOB | E1: Qualification | F1: Department | G1: CourseID | H1: CourseName | I1: DateOfJoining | J1: ExperienceYears | K1: Address | L1: City | M1: State | N1: Pincode | O1: Phone | P1: Email | Q1: BloodGroup
A2: FAC001 | B2: Harsha Verma | C2: Male | D2: 31643 | E2: M.Tech | F2: Management | G2: CRS04 | H2: BBA | I2: 40181 | J2: 14 | K2: 72, Brigade Road | L2: Coimbatore | M2: Tamil Nadu | N2: 500265 | O2: 9774428714 | P2: harsha.verma285@college.edu | Q2: A-
A3: FAC002 | B3: Kabir Verma | C3: Female | D3: 26361 | E3: M.Tech | F3: Civil Engg | G3: CRS06 | H3: B.Tech Civil | I3: 43298 | J3: 6 | K3: 136, MG Road | L3: Ahmedabad | M3: Tamil Nadu | N3: 935868 | O3: 9570220212 | P3: kabir.verma651@campus.edu | Q3: A-
A4: FAC003 | B4: Diya Reddy | C4: Female | D4: 27756 | E4: M.A | F4: Commerce | G4: CRS02 | H4: B.Com | I4: 43343 | J4: 6 | K4: 326, Park Street | L4: Kolkata | M4: West Bengal | N4: 139656 | O4: 9872032298 | P4: diya.reddy323@college.edu | Q4: O+
A5: FAC004 | B5: Ira Banerjee | C5: Female | D5: 26739 | E5: M.Tech | F5: Humanities | G5: CRS03 | H5: B.A English | I5: 40373 | J5: 13 | K5: 382, Anna Salai | L5: Coimbatore | M5: Gujarat | N5: 832950 | O5: 9016740395 | P5: ira.banerjee995@college.edu | Q5: O+
A6: FAC005 | B6: Kabir Banerjee | C6: Other | D6: 31720 | E6: M.Tech | F6: Civil Engg | G6: CRS06 | H6: B.Tech Civil | I6: 39266 | J6: 17 | K6: 151, Charminar Rd | L6: Kochi | M6: Kerala | N6: 077975 | O6: 9168513199 | P6: kabir.banerjee941@college.edu | Q6: AB+
A7: FAC006 | B7: Saanvi Sharma | C7: Male | D7: 33180 | E7: M.Tech | F7: Mechanical Engg | G7: CRS05 | H7: B.Tech Mechanical | I7: 40314 | J7: 13 | K7: 30, Ring Road | L7: Coimbatore | M7: Tamil Nadu | N7: 040771 | O7: 9452842572 | P7: saanvi.sharma320@campus.edu | Q7: O+
A8: FAC007 | B8: Diya Kumar | C8: Other | D8: 29267 | E8: PhD | F8: Management | G8: CRS04 | H8: BBA | I8: 40193 | J8: 15 | K8: 33, FC Road | L8: Kolkata | M8: West Bengal | N8: 507000 | O8: 9352457852 | P8: diya.kumar485@campus.edu | Q8: A-
A9: FAC008 | B9: Kabir Banerjee | C9: Female | D9: 28471 | E9: M.Sc | F9: Physics | G9: CRS07 | H9: B.Sc Physics | I9: 42178 | J9: 10 | K9: 443, MG Road | L9: Bengaluru | M9: Karnataka | N9: 438214 | O9: 9422948509 | P9: kabir.banerjee857@college.edu | Q9: A+
A10: FAC009 | B10: Sai Patel | C10: Female | D10: 29512 | E10: M.Phil | F10: Physics | G10: CRS07 | H10: B.Sc Physics | I10: 38833 | J10: 17 | K10: 85, Charminar Rd | L10: Delhi | M10: Delhi | N10: 274499 | O10: 9571295570 | P10: sai.patel599@campus.edu | Q10: AB+
A11: FAC010 | B11: Sai Sharma | C11: Male | D11: 26225 | E11: B.Ed | F11: Humanities | G11: CRS03 | H11: B.A English | I11: 38914 | J11: 18 | K11: 305, Brigade Road | L11: Ahmedabad | M11: Gujarat | N11: 182564 | O11: 9559272362 | P11: sai.sharma324@college.edu | Q11: A+
A12: FAC011 | B12: Kavya Rao | C12: Male | D12: 26169 | E12: MBA | F12: Management | G12: CRS04 | H12: BBA | I12: 42497 | J12: 8 | K12: 136, Park Street | L12: Chennai | M12: Tamil Nadu | N12: 831876 | O12: 9960826911 | P12: kavya.rao110@college.edu | Q12: B+
A13: FAC012 | B13: Kavya Reddy | C13: Female | D13: 28377 | E13: M.Phil | F13: Mechanical Engg | G13: CRS05 | H13: B.Tech Mechanical | I13: 42493 | J13: 9 | K13: 251, Anna Salai | L13: Chennai | M13: Tamil Nadu | N13: 680319 | O13: 9147519610 | P13: kavya.reddy379@college.edu | Q13: B-
... A21: FAC020 | B21: Diya Nair | C21: Female | D21: 32560 | E21: B.Ed | F21: Mathematics | G21: CRS07 | H21: B.Sc Mathematics | I21: 42762 | J21: 8 | K21: 383, Ring Road | L21: Kolkata | M21: West Bengal | N21: 243677 | O21: 9899595604 | P21: diya.nair888@campus.edu | Q21: A-

Sheet Courses Offered
A1: CourseID | B1: CourseName | C1: Department | D1: NoOfPapers
A2: CRS01 | B2: B.Sc Computer Science | C2: Computer Science | D2: 30
A3: CRS02 | B3: B.Com | C3: Commerce | D3: 30
A4: CRS03 | B4: B.A English | C4: Humanities | D4: 30
A5: CRS04 | B5: BBA | C5: Management | D5: 30
A6: CRS05 | B6: B.Tech Mechanical | C6: Mechanical Engg | D6: 30
A7: CRS06 | B7: B.Tech Civil | C7: Civil Engg | D7: 30
A8: CRS07 | B8: B.Sc Physics | C8: Physics | D8: 30
A9: CRS08 | B9: B.Sc Mathematics | C9: Mathematics | D9: 30

Sheet Subjects Master
A1: SubjectID | B1: CourseID | C1: CourseName | D1: Department | E1: Semester | F1: SubjectName | G1: SubjectName
A2: CRS01-S1-P1 | B2: CRS01 | C2: B.Sc Computer Science | D2: Computer Science | E2: 1 | F2: Programming 1 | G2: =LEFT(F2,LEN(F2)-2) -> Programming
A3: CRS01-S1-P2 | B3: CRS01 | C3: B.Sc Computer Science | D3: Computer Science | E3: 1 | F3: Data Structures 1 | G3: =LEFT(F3,LEN(F3)-2) -> Data Structures
A4: CRS01-S1-P3 | B4: CRS01 | C4: B.Sc Computer Science | D4: Computer Science | E4: 1 | F4: DBMS 1 | G4: =LEFT(F4,LEN(F4)-2) -> DBMS
A5: CRS01-S1-P4 | B5: CRS01 | C5: B.Sc Computer Science | D5: Computer Science | E5: 1 | F5: Operating Systems 1 | G5: =LEFT(F5,LEN(F5)-2) -> Operating Systems
A6: CRS01-S1-P5 | B6: CRS01 | C6: B.Sc Computer Science | D6: Computer Science | E6: 1 | F6: Networks 1 | G6: =LEFT(F6,LEN(F6)-2) -> Networks
A7: CRS01-S2-P1 | B7: CRS01 | C7: B.Sc Computer Science | D7: Computer Science | E7: 2 | F7: Programming 2 | G7: =LEFT(F7,LEN(F7)-2) -> Programming
A8: CRS01-S2-P2 | B8: CRS01 | C8: B.Sc Computer Science | D8: Computer Science | E8: 2 | F8: Data Structures 2 | G8: =LEFT(F8,LEN(F8)-2) -> Data Structures
A9: CRS01-S2-P3 | B9: CRS01 | C9: B.Sc Computer Science | D9: Computer Science | E9: 2 | F9: DBMS 2 | G9: =LEFT(F9,LEN(F9)-2) -> DBMS
A10: CRS01-S2-P4 | B10: CRS01 | C10: B.Sc Computer Science | D10: Computer Science | E10: 2 | F10: Operating Systems 2 | G10: =LEFT(F10,LEN(F10)-2) -> Operating Systems
A11: CRS01-S2-P5 | B11: CRS01 | C11: B.Sc Computer Science | D11: Computer Science | E11: 2 | F11: Networks 2 | G11: =LEFT(F11,LEN(F11)-2) -> Networks
A12: CRS01-S3-P1 | B12: CRS01 | C12: B.Sc Computer Science | D12: Computer Science | E12: 3 | F12: Programming 3 | G12: =LEFT(F12,LEN(F12)-2) -> Programming
A13: CRS01-S3-P2 | B13: CRS01 | C13: B.Sc Computer Science | D13: Computer Science | E13: 3 | F13: Data Structures 3 | G13: =LEFT(F13,LEN(F13)-2) -> Data Structures
... A241: CRS08-S6-P5 | B241: CRS08 | C241: B.Sc Mathematics | D241: Mathematics | E241: 6 | F241: Real Analysis 6 | G241: =LEFT(F241,LEN(F241)-2) -> Real Analysis

Sheet Faculty-Subject Map
A1: SubjectID | B1: FacultyID
A2: CRS01-S1-P1 | B2: FAC014
A3: CRS01-S1-P2 | B3: FAC001
A4: CRS01-S1-P3 | B4: FAC011
A5: CRS01-S1-P4 | B5: FAC015
A6: CRS01-S1-P5 | B6: FAC003
A7: CRS01-S2-P1 | B7: FAC005
A8: CRS01-S2-P2 | B8: FAC004
A9: CRS01-S2-P3 | B9: FAC020
A10: CRS01-S2-P4 | B10: FAC017
A11: CRS01-S2-P5 | B11: FAC018
A12: CRS01-S3-P1 | B12: FAC004
... A241: CRS08-S6-P5 | B241: FAC009

Sheet Semester Results
A1: StudentID | B1: CourseID | C1: Semester | D1: SubjectID | E1: TotalMarks | F1: InternalMarks | G1: ExternalMarks | H1: Grade | I1: Result | J1: Department
A2: STU0001 | B2: CRS06 | C2: 6 | D2: CRS06-S6-P1 | E2: 69 | F2: 25 | G2: 44 | H2: B | I2: Pass | J2: Civil Engg
A3: STU0001 | B3: CRS06 | C3: 6 | D3: CRS06-S6-P2 | E3: 48 | F3: 18 | G3: 30 | H3: D | I3: Fail | J3: Civil Engg
A4: STU0001 | B4: CRS06 | C4: 6 | D4: CRS06-S6-P3 | E4: 59 | F4: 25 | G4: 34 | H4: C | I4: Pass | J4: Civil Engg
A5: STU0001 | B5: CRS06 | C5: 6 | D5: CRS06-S6-P4 | E5: 52 | F5: 24 | G5: 28 | H5: C | I5: Pass | J5: Civil Engg
A6: STU0001 | B6: CRS06 | C6: 6 | D6: CRS06-S6-P5 | E6: 79 | F6: 10 | G6: 69 | H6: A | I6: Pass | J6: Civil Engg
A7: STU0002 | B7: CRS06 | C7: 4 | D7: CRS06-S4-P1 | E7: 78 | F7: 17 | G7: 61 | H7: A | I7: Pass | J7: Civil Engg
A8: STU0002 | B8: CRS06 | C8: 4 | D8: CRS06-S4-P2 | E8: 69 | F8: 25 | G8: 44 | H8: B | I8: Pass | J8: Civil Engg
A9: STU0002 | B9: CRS06 | C9: 4 | D9: CRS06-S4-P3 | E9: 72 | F9: 17 | G9: 55 | H9: A | I9: Pass | J9: Civil Engg
A10: STU0002 | B10: CRS06 | C10: 4 | D10: CRS06-S4-P4 | E10: 87 | F10: 26 | G10: 61 | H10: A+ | I10: Pass | J10: Civil Engg
A11: STU0002 | B11: CRS06 | C11: 4 | D11: CRS06-S4-P5 | E11: 41 | F11: 14 | G11: 27 | H11: D | I11: Fail | J11: Civil Engg
A12: STU0003 | B12: CRS06 | C12: 4 | D12: CRS06-S4-P1 | E12: 84 | F12: 18 | G12: 66 | H12: A+ | I12: Pass | J12: Civil Engg
A13: STU0003 | B13: CRS06 | C13: 4 | D13: CRS06-S4-P2 | E13: 74 | F13: 21 | G13: 53 | H13: A | I13: Pass | J13: Civil Engg
... A2501: STU0500 | B2501: CRS06 | C2501: 6 | D2501: CRS06-S6-P5 | E2501: 56 | F2501: 17 | G2501: 39 | H2501: C | I2501: Pass | J2501: Civil Engg

Sheet Events Master
A1: EventID | B1: EventName | C1: EventType | D1: OrganizerType | E1: OrganizerName | F1: StartDate | G1: EndDate | H1: Location | I1: AcademicYear | J1: BudgetINR
A2: EVT001 | B2: Student Association 2025 - North Zone | C2: Student Association | D2: Internal | E2: College Committee | F2: 45646 | G2: 45648 | H2: City Hospital | I2: 2024-2025 | J2: 97212
A3: EVT002 | B3: Eye Camp 2025 - Inter-College | C3: Eye Camp | D3: Internal | E3: College Committee | F3: 45740 | G3: 45741 | H3: Seminar Hall A | I3: 2025-2026 | J3: 49676
A4: EVT003 | B4: Student Association 2024 - Annual | C4: Student Association | D4: External | E4: Apollo Hospitals | F4: 45518 | G4: 45518 | H4: Main Auditorium | I4: 2024-2025 | J4: 97767
A5: EVT004 | B5: Sports Meet 2025 - Annual | C5: Sports Meet | D5: External | E5: Lions Club | F5: 45738 | G5: 45740 | H5: Community Center | I5: 2025-2026 | J5: 120995
A6: EVT005 | B6: Student Association 2024 - Annual | C6: Student Association | D6: Internal | E6: College Committee | F6: 45497 | G6: 45497 | H6: City Hospital | I6: 2024-2025 | J6: 78398
A7: EVT006 | B7: Medical Camp 2024 - North Zone | C7: Medical Camp | D7: Internal | E7: College Committee | F7: 45884 | G7: 45885 | H7: Main Auditorium | I7: 2024-2025 | J7: 82774
A8: EVT007 | B8: Sports Meet 2025 - Annual | C8: Sports Meet | D8: External | E8: Infosys CSR | F8: 45590 | G8: 45591 | H8: Seminar Hall A | I8: 2024-2025 | J8: 64129
A9: EVT008 | B9: Guest Lecture 2024 - North Zone | C9: Guest Lecture | D9: Internal | E9: College Committee | F9: 45569 | G9: 45569 | H9: Main Auditorium | I9: 2024-2025 | J9: 59553
A10: EVT009 | B10: Student Association 2025 - North Zone | C10: Student Association | D10: External | E10: Apollo Hospitals | F10: 45519 | G10: 45521 | H10: Grounds | I10: 2024-2025 | J10: 94261
A11: EVT010 | B11: Culturals 2024 - Inter-College | C11: Culturals | D11: Internal | E11: College Committee | F11: 45498 | G11: 45498 | H11: Main Auditorium | I11: 2024-2025 | J11: 46743
A12: EVT011 | B12: Guest Lecture 2025 - Awareness | C12: Guest Lecture | D12: External | E12: Aravind Eye Care | F12: 45541 | G12: 45541 | H12: City Hospital | I12: 2024-2025 | J12: 64221
A13: EVT012 | B13: Guest Lecture 2025 - North Zone | C13: Guest Lecture | D13: Internal | E13: College Committee | F13: 45737 | G13: 45739 | H13: Grounds | I13: 2025-2026 | J13: 143782
... A41: EVT040 | B41: Guest Lecture 2024 - Inter-College | C41: Guest Lecture | D41: Internal | E41: College Committee | F41: 45796 | G41: 45798 | H41: Seminar Hall B | I41: 2025-2026 | J41: 125819

Sheet Event Participants
A1: EventID | B1: ParticipantType | C1: ParticipantID | D1: Role | E1: Outcome
A2: EVT001 | B2: Student | C2: STU0362 | D2: Participant | E2: Winner
A3: EVT001 | B3: Student | C3: STU0074 | D3: Winner | E3: Winner
A4: EVT001 | B4: Student | C4: STU0375 | D4: Winner | E4: Participation
A5: EVT001 | B5: Student | C5: STU0156 | D5: Participant | E5: Runner Up
A6: EVT001 | B6: Student | C6: STU0105 | D6: Volunteer | E6: Participation
A7: EVT001 | B7: Student | C7: STU0395 | D7: Participant | E7: Participation
A8: EVT001 | B8: Student | C8: STU0378 | D8: Organizer | E8: NA
A9: EVT001 | B9: Student | C9: STU0125 | D9: Organizer | E9: NA
A10: EVT001 | B10: Student | C10: STU0069 | D10: Winner | E10: Winner
A11: EVT001 | B11: Student | C11: STU0451 | D11: Volunteer | E11: Runner Up
A12: EVT001 | B12: Student | C12: STU0010 | D12: Volunteer | E12: Best Performance
... A2832: EVT040 | B2832: Faculty | C2832: FAC013 | D2832: Judge | E2832: NA

Sheet KPI Summary
A1: KPI Metric | B1: Value
A2: Total Students | B2: =COUNTA('Students Master'!A2:A501) -> 500
A3: Total Faculty | B3: =COUNTA('Faculty Master'!A2:A21) -> 20
A4: Pass Count | B4: =COUNTIF('Semester Results'!I2:I2501,"Pass") -> 1986
A5: Fail Count | B5: =COUNTIF('Semester Results'!I2:I2501,"Fail") -> 514
A6: Total Events | B6: =COUNTA('Events Master'!A2:A41) -> 40
A7: Total Participants | B7: =COUNTA('Event Participants'!A2:A2832) -> 2831
A8: Average Marks (All Students) | B8: =AVERAGE('Semester Results'!E2:E2501) -> 64.8156
A9: Average Faculty Experience (Years) | B9: =AVERAGE('Faculty Master'!J2:J21) -> 10.05

Sheet Student Chart
A3: Course Name | B3: Count of Student
A4: B.A English | B4: 59
A5: B.Com | B5: 69
A6: B.Sc Computer Science | B6: 57
A7: B.Sc Mathematics | B7: 61
A8: B.Sc Physics | B8: 64
A9: B.Tech Civil | B9: 72
A10: B.Tech Mechanical | B10: 52
A11: BBA | B11: 66
A12: Grand Total | B12: 500
A22: Result | B22: Value
A23: Pass | B23: =COUNTIF('Semester Results'!I:I,A23) -> 1986
A24: Fail | B24: =COUNTIF('Semester Results'!I:I,A24) -> 514
A36: Year | B36: Student Count
A37: 1 | B37: =COUNTIF('Students Master'!Q:Q,A37) -> 238
A38: 2 | B38: =COUNTIF('Students Master'!Q:Q,A38) -> 137
A39: 3 | B39: =COUNTIF('Students Master'!Q:Q,A39) -> 125
A53: State | B53: Count of Student
A54: Delhi | B54: 56
A55: Gujarat | B55: 58
A56: Karnataka | B56: 53
A57: Kerala | B57: 74
A58: Maharashtra | B58: 73
A59: Tamil Nadu | B59: 67
A60: Telangana | B60: 57
A61: West Bengal | B61: 62
A62: Grand Total | B62: 500
A71: Gender | B71: Count of Student
A72: Male | B72: =COUNTIF('Students Master'!C:C,A72) -> 253
A73: Female | B73: =COUNTIF('Students Master'!C:C,A73) -> 241
A74: Other | B74: =COUNTIF('Students Master'!C:C,A74) -> 6
A88: State | B88: Count of Student
A89: Tamil Nadu | B89: =COUNTIF('Students Master'!J:J,A89) -> 67
A90: Karnataka | B90: =COUNTIF('Students Master'!J:J,A90) -> 53
A91: Kerala | B91: =COUNTIF('Students Master'!J:J,A91) -> 74
A92: Delhi | B92: =COUNTIF('Students Master'!J:J,A92) -> 56
A93: West Bengal | B93: =COUNTIF('Students Master'!J:J,A93) -> 62
A94: Maharashtra | B94: =COUNTIF('Students Master'!J:J,A94) -> 73
A95: Gujarat | B95: =COUNTIF('Students Master'!J:J,A95) -> 58
A96: Telangana | B96: =COUNTIF('Students Master'!J:J,A96) -> 57

Sheet Faculty chart
A1: Faculty ID | B1: Faculty Name | C1: Subject Count
A2: FAC001 | B2: Harsha Verma | C2: =COUNTIF('Faculty-Subject Map'!B:B,A2) -> 11
A3: FAC002 | B3: Kabir Verma | C3: =COUNTIF('Faculty-Subject Map'!B:B,A3) -> 13
A4: FAC003 | B4: Diya Reddy | C4: =COUNTIF('Faculty-Subject Map'!B:B,A4) -> 11
A5: FAC004 | B5: Ira Banerjee | C5: =COUNTIF('Faculty-Subject Map'!B:B,A5) -> 21
A6: FAC005 | B6: Kabir Banerjee | C6: =COUNTIF('Faculty-Subject Map'!B:B,A6) -> 15
A7: FAC006 | B7: Saanvi Sharma | C7: =COUNTIF('Faculty-Subject Map'!B:B,A7) -> 9
A8: FAC007 | B8: Diya Kumar | C8: =COUNTIF('Faculty-Subject Map'!B:B,A8) -> 14
A9: FAC008 | B9: Kabir Banerjee | C9: =COUNTIF('Faculty-Subject Map'!B:B,A9) -> 11
A10: FAC009 | B10: Sai Patel | C10: =COUNTIF('Faculty-Subject Map'!B:B,A10) -> 16
A11: FAC010 | B11: Sai Sharma | C11: =COUNTIF('Faculty-Subject Map'!B:B,A11) -> 16
A12: FAC011 | B12: Kavya Rao | C12: =COUNTIF('Faculty-Subject Map'!B:B,A12) -> 11
A13: FAC012 | B13: Kavya Reddy | C13: =COUNTIF('Faculty-Subject Map'!B:B,A13) -> 7
... A21: FAC020 | B21: Diya Nair | C21: =COUNTIF('Faculty-Subject Map'!B:B,A21) -> 7
A25: Qualification | B25: Faculty count
A26: M.Tech | B26: =COUNTIF('Faculty Master'!E:E,A26) -> 6
A27: M.A | B27: =COUNTIF('Faculty Master'!E:E,A27) -> 1
A28: PhD | B28: =COUNTIF('Faculty Master'!E:E,A28) -> 1
A29: M.Sc | B29: =COUNTIF('Faculty Master'!E:E,A29) -> 4
A30: M.Phil | B30: =COUNTIF('Faculty Master'!E:E,A30) -> 2
A31: B.Ed | B31: =COUNTIF('Faculty Master'!E:E,A31) -> 4
A32: MBA | B32: =COUNTIF('Faculty Master'!E:E,A32) -> 2
A44: Gender | B44: Faculty count
A45: Male | B45: =COUNTIF('Faculty Master'!C:C,A45) -> 7
A46: Female | B46: =COUNTIF('Faculty Master'!C:C,A46) -> 10
A47: Other | B47: =COUNTIF('Faculty Master'!C:C,A47) -> 3

Sheet Department & Courses Chart
A5: Department | B5: Avg experience Years
A6: Computer Science | B6: =AVERAGEIF('Faculty Master'!F:F,A6,'Faculty Master'!J:J) -> 6
A7: Commerce | B7: =AVERAGEIF('Faculty Master'!F:F,A7,'Faculty Master'!J:J) -> 5
A8: Humanities | B8: =AVERAGEIF('Faculty Master'!F:F,A8,'Faculty Master'!J:J) -> 15.5
A9: Management | B9: =AVERAGEIF('Faculty Master'!F:F,A9,'Faculty Master'!J:J) -> 12.333333
A10: Mechanical Engg | B10: =AVERAGEIF('Faculty Master'!F:F,A10,'Faculty Master'!J:J) -> 11
A11: Civil Engg | B11: =AVERAGEIF('Faculty Master'!F:F,A11,'Faculty Master'!J:J) -> 10.75
A12: Physics | B12: =AVERAGEIF('Faculty Master'!F:F,A12,'Faculty Master'!J:J) -> 10.666667
A13: Mathematics | B13: =AVERAGEIF('Faculty Master'!F:F,A13,'Faculty Master'!J:J) -> 8
A25: Department | B25: Student Count
A26: Computer Science | B26: =COUNTIF('Students Master'!S:S,A26) -> 57
A27: Commerce | B27: =COUNTIF('Students Master'!S:S,A27) -> 69
A28: Humanities | B28: =COUNTIF('Students Master'!S:S,A28) -> 59
A29: Management | B29: =COUNTIF('Students Master'!S:S,A29) -> 66
A30: Mechanical Engg | B30: =COUNTIF('Students Master'!S:S,A30) -> 52
A31: Civil Engg | B31: =COUNTIF('Students Master'!S:S,A31) -> 72
A32: Physics | B32: =COUNTIF('Students Master'!S:S,A32) -> 64
A33: Mathematics | B33: =COUNTIF('Students Master'!S:S,A33) -> 61
A42: CourseName | B42: StudentCount
A43: B.Sc Computer Science | B43: =COUNTIF('Students Master'!P:P,A43) -> 57
A44: B.Com | B44: =COUNTIF('Students Master'!P:P,A44) -> 69
A45: B.A English | B45: =COUNTIF('Students Master'!P:P,A45) -> 59
A46: BBA | B46: =COUNTIF('Students Master'!P:P,A46) -> 66
A47: B.Tech Mechanical | B47: =COUNTIF('Students Master'!P:P,A47) -> 52
A48: B.Tech Civil | B48: =COUNTIF('Students Master'!P:P,A48) -> 72
A49: B.Sc Physics | B49: =COUNTIF('Students Master'!P:P,A49) -> 64
A50: B.Sc Mathematics | B50: =COUNTIF('Students Master'!P:P,A50) -> 61
A57: Department | B57: Pass | C57: Fail
A58: Computer Science | B58: =COUNTIFS('Semester Results'!J:J,A58,'Semester Results'!I:I,"Pass") -> 230 | C58: =COUNTIFS('Semester Results'!J:J,A58,'Semester Results'!I:I,"Fail") -> 55
A59: Commerce | B59: =COUNTIFS('Semester Results'!J:J,A59,'Semester Results'!I:I,"Pass") -> 278 | C59: =COUNTIFS('Semester Results'!J:J,A59,'Semester Results'!I:I,"Fail") -> 67
A60: Humanities | B60: =COUNTIFS('Semester Results'!J:J,A60,'Semester Results'!I:I,"Pass") -> 238 | C60: =COUNTIFS('Semester Results'!J:J,A60,'Semester Results'!I:I,"Fail") -> 57
A61: Management | B61: =COUNTIFS('Semester Results'!J:J,A61,'Semester Results'!I:I,"Pass") -> 268 | C61: =COUNTIFS('Semester Results'!J:J,A61,'Semester Results'!I:I,"Fail") -> 62
A62: Mechanical Engg | B62: =COUNTIFS('Semester Results'!J:J,A62,'Semester Results'!I:I,"Pass") -> 206 | C62: =COUNTIFS('Semester Results'!J:J,A62,'Semester Results'!I:I,"Fail") -> 54
A63: Civil Engg | B63: =COUNTIFS('Semester Results'!J:J,A63,'Semester Results'!I:I,"Pass") -> 279 | C63: =COUNTIFS('Semester Results'!J:J,A63,'Semester Results'!I:I,"Fail") -> 81
A64: Physics | B64: =COUNTIFS('Semester Results'!J:J,A64,'Semester Results'!I:I,"Pass") -> 253 | C64: =COUNTIFS('Semester Results'!J:J,A64,'Semester Results'!I:I,"Fail") -> 67
A65: Mathematics | B65: =COUNTIFS('Semester Results'!J:J,A65,'Semester Results'!I:I,"Pass") -> 234 | C65: =COUNTIFS('Semester Results'!J:J,A65,'Semester Results'!I:I,"Fail") -> 71

Sheet Event Chart
A4: Event Type | B4: Total Events
A5: Culturals | B5: 3
A6: Eye Camp | B6: 4
A7: Guest Lecture | B7: 8
A8: Medical Camp | B8: 8
A9: Safety Day | B9: 3
A10: Sports Meet | B10: 3
A11: Student Association | B11: 8
A12: Tech Fest | B12: 3
A13: Grand Total | B13: 40
A21: AcademicYear | B21: Total Budget
A22: 2024-2025 | B22: =SUMIF('Events Master'!I:I,A22,'Events Master'!J:J) -> 2522304
A23: 2025-2026 | B23: =SUMIF('Events Master'!I:I,A23,'Events Master'!J:J) -> 934894
A38: OrganizerType | B38: Total count
A39: Internal | B39: =COUNTIF('Events Master'!D:D,A39) -> 21
A40: External | B40: =COUNTIF('Events Master'!D:D,A40) -> 19
A55: Outcome | B55: Count
A56: Winner | B56: =COUNTIF('Event Participants'!E:E,A56) -> 523
A57: Participation | B57: =COUNTIF('Event Participants'!E:E,A57) -> 492
A58: Runner Up | B58: =COUNTIF('Event Participants'!E:E,A58) -> 528
A59: Best Performance | B59: =COUNTIF('Event Participants'!E:E,A59) -> 521

Sheet Conditional
A1: StudentID | B1: CourseID | C1: Semester | D1: SubjectID | E1: TotalMarks | F1: InternalMarks | G1: ExternalMarks | H1: Grade | I1: Result | J1: Department
A2: STU0001 | B2: CRS06 | C2: 6 | D2: CRS06-S6-P1 | E2: 69 | F2: 25 | G2: 44 | H2: B | I2: Pass | J2: Civil Engg
A3: STU0001 | B3: CRS06 | C3: 6 | D3: CRS06-S6-P2 | E3: 48 | F3: 18 | G3: 30 | H3: D | I3: Fail | J3: Civil Engg
A4: STU0001 | B4: CRS06 | C4: 6 | D4: CRS06-S6-P3 | E4: 59 | F4: 25 | G4: 34 | H4: C | I4: Pass | J4: Civil Engg
A5: STU0001 | B5: CRS06 | C5: 6 | D5: CRS06-S6-P4 | E5: 52 | F5: 24 | G5: 28 | H5: C | I5: Pass | J5: Civil Engg
A6: STU0001 | B6: CRS06 | C6: 6 | D6: CRS06-S6-P5 | E6: 79 | F6: 10 | G6: 69 | H6: A | I6: Pass | J6: Civil Engg
A7: STU0002 | B7: CRS06 | C7: 4 | D7: CRS06-S4-P1 | E7: 78 | F7: 17 | G7: 61 | H7: A | I7: Pass | J7: Civil Engg
A8: STU0002 | B8: CRS06 | C8: 4 | D8: CRS06-S4-P2 | E8: 69 | F8: 25 | G8: 44 | H8: B | I8: Pass | J8: Civil Engg
A9: STU0002 | B9: CRS06 | C9: 4 | D9: CRS06-S4-P3 | E9: 72 | F9: 17 | G9: 55 | H9: A | I9: Pass | J9: Civil Engg
A10: STU0002 | B10: CRS06 | C10: 4 | D10: CRS06-S4-P4 | E10: 87 | F10: 26 | G10: 61 | H10: A+ | I10: Pass | J10: Civil Engg
A11: STU0002 | B11: CRS06 | C11: 4 | D11: CRS06-S4-P5 | E11: 41 | F11: 14 | G11: 27 | H11: D | I11: Fail | J11: Civil Engg
A12: STU0003 | B12: CRS06 | C12: 4 | D12: CRS06-S4-P1 | E12: 84 | F12: 18 | G12: 66 | H12: A+ | I12: Pass | J12: Civil Engg
A13: STU0003 | B13: CRS06 | C13: 4 | D13: CRS06-S4-P2 | E13: 74 | F13: 21 | G13: 53 | H13: A | I13: Pass | J13: Civil Engg
... A2501: STU0500 | B2501: CRS06 | C2501: 6 | D2501: CRS06-S6-P5 | E2501: 56 | F2501: 17 | G2501: 39 | H2501: C | I2501: Pass | J2501: Civil Engg

Sheet Pivot Student
A3: State | B3: Total Students | D3: Course | E3: Total Students | G3: Gender | H3: Total Students | J3: Year | K3: Total Students
A4: Delhi | B4: 56 | D4: B.A English | E4: 59 | G4: Female | H4: 241 | J4: 1 | K4: 238
A5: Gujarat | B5: 58 | D5: B.Com | E5: 69 | G5: Male | H5: 253 | J5: 2 | K5: 137
A6: Karnataka | B6: 53 | D6: B.Sc Computer Science | E6: 57 | G6: Other | H6: 6 | J6: 3 | K6: 125
A7: Kerala | B7: 74 | D7: B.Sc Mathematics | E7: 61 | G7: Grand Total | H7: 500 | J7: Grand Total | K7: 500
A8: Maharashtra | B8: 73 | D8: B.Sc Physics | E8: 64
A9: Tamil Nadu | B9: 67 | D9: B.Tech Civil | E9: 72
A10: Telangana | B10: 57 | D10: B.Tech Mechanical | E10: 52
A11: West Bengal | B11: 62 | D11: BBA | E11: 66
A12: Grand Total | B12: 500 | D12: Grand Total | E12: 500

Sheet Faculty Pivot
A3: Gender | B3: Total Faculty | D3: Qualification | E3: Total Faculty | G3: State | H3: Total Faculty
A4: Female | B4: 10 | D4: B.Ed | E4: 4 | G4: Delhi | H4: 1
A5: Male | B5: 7 | D5: M.A | E5: 1 | G5: Gujarat | H5: 3
A6: Other | B6: 3 | D6: M.Phil | E6: 2 | G6: Karnataka | H6: 1
A7: Grand Total | B7: 20 | D7: M.Sc | E7: 4 | G7: Kerala | H7: 2
D8: M.Tech | E8: 6 | G8: Maharashtra | H8: 3
D9: MBA | E9: 2 | G9: Tamil Nadu | H9: 5
D10: PhD | E10: 1 | G10: Telangana | H10: 2
D11: Grand Total | E11: 20 | G11: West Bengal | H11: 3
G12: Grand Total | H12: 20

Sheet Course pivot
A4: Department | B4: Average of ExperienceYears
A5: Civil Engg | B5: 10.75
A6: Commerce | B6: 5
A7: Computer Science | B7: 6
A8: Humanities | B8: 15.5
A9: Management | B9: 12.333333
A10: Mathematics | B10: 8
A11: Mechanical Engg | B11: 11
A12: Physics | B12: 10.666667
A13: Grand Total | B13: 10.05
A17: Department | B17: Total Students | D17: Course | E17: Total Students
A18: Civil Engg | B18: 72 | D18: B.A English | E18: 59
A19: Commerce | B19: 69 | D19: B.Com | E19: 69
A20: Computer Science | B20: 57 | D20: B.Sc Computer Science | E20: 57
A21: Humanities | B21: 59 | D21: B.Sc Mathematics | E21: 61
A22: Management | B22: 66 | D22: B.Sc Physics | E22: 64
A23: Mathematics | B23: 61 | D23: B.Tech Civil | E23: 72
A24: Mechanical Engg | B24: 52 | D24: B.Tech Mechanical | E24: 52
A25: Physics | B25: 64 | D25: BBA | E25: 66
A26: Grand Total | B26: 500 | D26: Grand Total | E26: 500

Sheet Events Pivot
A3: Organizer Type | B3: Total Events | D3: Event Type | E3: Total Events | G3: Academic Year | H3: Total Budget
A4: External | B4: 19 | D4: Culturals | E4: 3 | G4: 2024-2025 | H4: 2522304
A5: Internal | B5: 21 | D5: Eye Camp | E5: 4 | G5: 2025-2026 | H5: 934894
A6: Grand Total | B6: 40 | D6: Guest Lecture | E6: 8 | G6: Grand Total | H6: 3457198
D7: Medical Camp | E7: 8
D8: Safety Day | E8: 3
D9: Sports Meet | E9: 3
D10: Student Association | E10: 8
D11: Tech Fest | E11: 3
D12: Grand Total | E12: 40

Sheet Student Dashboard

Sheet Faculty Dashboard

Sheet Department & Course Dashboard

Sheet Event Dashboard
